"YEAR","Sum(FINES)","Speeding_fines_millions"
2020,3773473,3.773473
2021,4867138,4.867138
2022,4551342,4.551342
2023,4236133,4.236133
2024,3323333,3.323333
