"JURISDICTION","Sum(Alcohol drug tests)","Alcohol drug tests millions"
"ACT",200342,0.200342
"NT",467560,0.46756
"TAS",616223,0.616223
"SA",2813860,2.81386
"QLD",8556123,8.556123
"WA",9795863,9.795863
"VIC",10298845,10.298845
"NSW",17144315,17.144315
